{
	"name":"CognosCustomWidget",
	"schemaVersion": "1.0",
	"extensions": [
	{
		"perspective": "dashboard",
		"comment": "Sample custom widgets for dashboard",
		"features": [{
			"id": "com.ibm.bi.dashboard.widgets",
			"collectionItems": [{
				"containerId": "com.ibm.bi.dashboard.widgets",
				"id": "Widget",
				"title": "CustomWidget",
				"iconUrl": "v1/ext/CognosCustomWidget/images/image.png",
				"widget": "v1/ext/CognosCustomWidget/code.js",
				"scroll": "scrollNone",
				"disableTitle": true,
				"params" : {
					"name": "Device/Sensor"
				}
			}],
			"cssStyles": [
				"v1/ext/CognosCustomWidget/css/dashboard.css"
			]
		}]
	}]
}
